{
  "RTP MURAH138": [
    "https://rtp1.murah138.shop",
    "https://rtp2.murah138.shop"
  ],
  "RTP MURAHSLOT": [
    "https://rtp1.murahslot.shop",
    "https://rtp2.murahslot.shop",
    "https://rtp3.murahslot.shop"
  ],
  "RTP TORO168": [
    "https://rtp1.toro168.shop"
  ],
  "RTP CATUR4D": [
    "https://rtp1.catur4d.shop",
    "https://rtp2.catur4d.shop"
  ],
  "RTP MUDAH4D": [
    "https://rtp1.mudah4d.shop"
  ],
  "RTP PRAGMATIC4D": [
    "https://rtp1.pragmatic4d.shop",
    "https://rtp2.pragmatic4d.shop"
  ],
  "RTP TEST": []
}